"(1) YangPyeong L" "(2) YangPyeong M" "(3) YangPyeong B" "62570" "ACCchildrenfall" "ACCchildrenheart" "ACCchildrensky" "AndongKaturi" "AndongWolyeonggyo" "Ansungtangmyun Bold" "Ansungtangmyun Bold" "BM DoHyeon" "BM EULJIRO TTF" "BM HANNA 11yrs old" "BM HANNA Air" "BM HANNA Pro" "BM JUA_TTF" "BM KIRANGHAERANG" "BM YEONSUNG" "Bazzi" "Bitgoeul_Bold" "Bitgoeul_Light" "Bitgoeul_Medium" "CBNU JIKJI" "Cafe24 ClassicType" "Cafe24 Dongdong" "Cafe24 Shiningstar" "Cafe24 Syongsyong" "ChangwonDangamAsac Bold" "Chilgok_Cye" "Chilgok_Kaj" "Chilgok_kyb" "Chilgok_ljh" "Chilgok_lws" "Chosun Centennial" "Chungbuk National University Bold" "Chungbuk National University Regular" "ChusaLove" "ChusaLove Bold" "DNF Bit Bit TTF" "DX3학년1반B" "DalseoDarling" "DalseoHealing Bold" "DalseoHealing Medium" "DejaVu Sans" "DejaVu Sans Bold" "DejaVu Sans Mono" "DejaVu Sans Mono Bold" "DejaVu Serif" "DejaVu Serif Bold" "DungGeunMo" "EF_Firenze" "EF_jejudoldam" "EF_watermelonSalad" "EnvironmentB" "EnvironmentR" "FOUREYES" "FUNFLOW SURVIVOR KR" "Gabia Cheongyeon" "Gabia Maeumgyeol" "Gabia Solmee" "Galmuri11" "Galmuri11 Bold" "Galmuri11 Condensed" "Galmuri14" "Galmuri7" "Galmuri9" "GangwonEduAll" "GangwonEduAll" "GangwonEduHyeonokT" "GangwonEduPower" "GangwonEduSaeeum" "Ghanachocolate" "GimhaeGaya" "GimhaeGaya" "GimpoBatang" "GimpoGothic" "GimpoGothic Bold" "GimpoTitle" "GoyangDeogyang B" "GoyangDeogyang EB" "GoyangIlsan L" "GoyangIlsan R" "GyeonggiBatang" "GyeonggiBatang Bold" "GyeonggiTitle Bold" "GyeonggiTitle Light" "GyeonggiTitle Medium" "GyeonggiTitleV Bold" "HS겨울눈꽃체2.0" "HS산토끼체" "HaenamFont" "HappyGoheungB" "HappyGoheungL" "HappyGoheungM" "Hoengseong Hanu" "Hogook Bold" "Hogook Std" "Iropke Batang" "JS Arirang" "JS Arirang HON" "JS Arirang PPURI" "JS Dongkang" "JS Dongkang Bold" "Jaemin TTF" "Jalnan Bold" "JejuGothic" "JejuHallasan" "JejuMyeongjo" "Joongnajoche Medium" "Joongnajoche Medium" "KBIZmjo B" "KBIZmjo L" "KBIZmjo M" "KBIZmjo R" "KCC-Jeongbeom" "KCC-Kimhoon" "KCC-Kimhwanki" "KCC-eunyoung" "KCCAhnjunggeun" "KCCChassam" "KCCDodamdodam" "KCCImkwontaek" "KHNPHandotum Bold, Bold" "KHNPHandotum Bold, Bold" "KHNPHandotum Bold, Bold" "KHNPHanuoolim" "KIMM_Bold Bold" "KIMM_Light Light" "KNPS Bandali" "KNPS Kkomi" "KOTRA HOPE" "KOTRA LEAP" "KOTRA_BOLD Bold Expanded" "KOTRA_GOTHIC" "KOTRA_SONGEULSSI Medium" "KoPubBatang Bold" "KoPubBatang Light" "KoPubBatang Medium" "KoPubDotum Bold" "KoPubDotum Light" "KoPubDotum Medium" "KoPubWorldBatang Bold" "KoPubWorldBatang Light" "KoPubWorldBatang Medium" "KoPubWorldDotum Bold" "KoPubWorldDotum Light" "KoPubWorldDotum Medium" "KoreanGYOKR" "Kyobo Handwriting 2021" "LH B" "LH L" "LH M" "MYArirang Medium" "MYArirang_gothic Light Condensed" "MYHaemalgeunSangsang" "MYYeongnamnu" "Makgeolli" "MapoAgape" "MapoBackpacking" "MapoDPP" "MapoDacapo" "MapoFlowerIsland" "MapoGoldenPier" "MapoHongdaeFreedom" "MapoMaponaru" "MapoPeacefull" "Miwon Bold" "MunhwajaeDolbom Bold" "MunhwajaeDolbom Regular" "MuseumClassic Bold" "MuseumClassic Light" "MuseumClassic Medium" "Nanum AJumMaJaYu" "Nanum BaReunHiPi" "Nanum BaReunJeongSin" "Nanum BiSangCe" "Nanum Brush Script" "Nanum DaeGwangYuRi" "Nanum DungGeunInYeon" "Nanum GgocNaeEum" "Nanum GiBbeumBarkEum" "Nanum GoRyeoGeurGgor" "Nanum GyuRiEuiIrGi" "Nanum HaengBogHanDoBi" "Nanum HyeogICe" "Nanum HyoNamNeurHwaITing" "Nanum JeomGgorCe" "Nanum MaGoCe" "Nanum MiRaeNaMu" "Nanum NeuRisNeuRisCe" "Nanum OenSonJabIDoYeBbeo" "Nanum OgBiCe" "Nanum Pen Script" "Nanum SangHaeCanMiCe" "Nanum SoMiCe" "Nanum YeBbeunMinGyeongCe" "Nanum YeoReumGeurSsi" "Nanum YeorIrCe" "NanumBarunGothic" "NanumBarunGothic Light" "NanumBarunGothic Light" "NanumBarunGothic Semi-Bold" "NanumGothic" "NanumGothic Bold" "NanumGothic Eco" "NanumGothic Eco Bold" "NanumGothic Eco Semi-Bold" "NanumGothic Light" "NanumGothic Semi-Bold" "NanumMyeongjo" "NanumMyeongjo Bold" "NanumMyeongjo Eco" "NanumMyeongjo Eco Bold" "NanumMyeongjo Eco Semi-Bold" "NanumMyeongjo Semi-Bold" "NanumSquare Neo Bold, Bold" "NanumSquare Neo ExtraBold, Ultra-Bold" "NanumSquare Neo Heavy, Heavy" "NanumSquare Neo Light, Semi-Light" "NanumSquare Neo Regular" "NanumSquareRound" "NanumSquareRound Bold" "NanumSquareRound Light" "NanumSquareRound Ultra-Bold" "NapjakBlock" "OK CHAN" "OK DDUNG" "OK GUNG" "ONE Mobile" "ONE Mobile Bold" "ONE Mobile Light" "ONE Mobile POP" "ONE Mobile Title" "OSeong and HanEum" "OSeong and HanEum Bold" "Owgnylph WinnerPark" "Ownglyph 0923" "Ownglyph 2022 UWY Da Gyeong" "Ownglyph 2022 UWY Si Woo" "Ownglyph BohyunChae" "Ownglyph Danjae ShinCheaho" "Ownglyph Deoua" "Ownglyph Dongdorodong L" "Ownglyph EuiyeonChae" "Ownglyph HaesomChae" "Ownglyph Happymquokka" "Ownglyph Hoseung T" "Ownglyph Jinju Font" "Ownglyph KwonMunjiii1" "Ownglyph KyeongyeongChae" "Ownglyph Kyong day" "Ownglyph LYRIEDDAEI" "Ownglyph Limahra" "Ownglyph Mbitz" "Ownglyph Mirac" "Ownglyph MoogungChae" "Ownglyph NANAYANG" "Ownglyph Nari in syd" "Ownglyph Oolongtea" "Ownglyph Pucca" "Ownglyph Senator font" "Ownglyph SeokyoungChae" "Ownglyph Silvercastle" "Ownglyph Soondol" "Ownglyph TeaTea font" "Ownglyph Yejjnee" "Ownglyph Yeon The Land" "Ownglyph Yeoun" "Ownglyph Yileut" "Ownglyph Youstar" "Ownglyph Yunaa" "Ownglyph bichina" "Ownglyph bogyeong" "Ownglyph dammi" "Ownglyph funnyseon" "Ownglyph gumama" "Ownglyph gumama HP" "Ownglyph gumama2" "Ownglyph han" "Ownglyph hoddeok" "Ownglyph islandooo" "Ownglyph kirong" "Ownglyph lovelydadidon" "Ownglyph mandu0chirp" "Ownglyph middo1" "Ownglyph mim" "Ownglyph mite" "Ownglyph naminhui" "Ownglyph phang2font" "Ownglyph raykong" "Ownglyph shiri" "Ownglyph soomini" "Ownglyph wiri" "Ownglyph yeondu323" "Pak_Yong_jun" "Pretendard" "Pretendard Bold" "Pretendard Heavy" "Pretendard Light" "Pretendard Medium" "Pretendard Semi-Bold" "Pretendard Thin" "Pretendard Ultra-Bold" "Pretendard Ultra-Light" "Pretendard Variable" "Pretendard Variable Bold" "Pretendard Variable Heavy" "Pretendard Variable Light" "Pretendard Variable Medium" "Pretendard Variable Semi-Bold" "Pretendard Variable Thin" "Pretendard Variable Ultra-Bold" "Pretendard Variable Ultra-Light" "PureBatang Bold" "PureBatang Light" "PureBatang Medium" "PureunJeonnam" "PureunJeonnam Bold" "PureunJeonnam Bold" "PyeongChang" "PyeongChang Bold" "PyeongChang Peace Bold" "PyeongChang Peace Light" "Regular" "RixInooAriDuri" "RixNoonmool M" "RixPinkRibbon M" "Room No.703" "SANGJU Dajungdagam" "SANGJU Gotgam" "SANGJU Gyeongcheon Island" "SANGJU Haerye" "SF_HailSnow" "Saenggeo Jincheon Medium" "Sandoll Samliphopangche TTF Ba weight=550" "Sandoll Samliphopangche TTF Ou weight=550" "SeoulHangang" "SeoulHangang" "SeoulHangang" "SeoulHangang" "SeoulHangangC" "SeoulHangangC" "SeoulHangangC" "SeoulHangangC" "SeoulHangangC" "SeoulNamsan" "SeoulNamsan" "SeoulNamsan" "SeoulNamsan" "SeoulNamsan" "SeoulNamsanC" "SeoulNamsanC" "SeoulNamsanC" "SeoulNamsanC" "SeoulNamsanC" "Solmoe KimDaeGeon" "Solmoe KimDaeGeon" "Suncheon" "Suncheon" "Suseong Batang" "Suseong Dotum" "Suseong Hyejeong" "TAEBAEK milkyway" "ThecircleB" "ThecircleL" "ThecircleM" "TlabShinYB" "Ttangsbudaejjigae Bold" "Ttangsbudaejjigae Light" "Ttangsbudaejjigae Medium" "UNPEOPLE Gothic KS" "UNPEOPLE Gothic UNI" "UhBee mysen" "UhBee mysen Bold" "Unreal_science_medicine" "Unreal_science_orbit" "Unreal_science_yuni" "Wandocleansea" "Wandocleansea" "Wandohope" "Wandohope" "Yanolja Yache" "Yanolja Yache Bold" "YiSunShin Bold" "YiSunShin Dotum B" "YiSunShin Dotum L" "YiSunShin Dotum M" "YiSunShin Regular" "Yydimibang" "andante" "netmarble Bold" "netmarble Light" "netmarble Medium" "tvN Enjoystories" "tvN Enjoystories" "tvN Enjoystories" "꽃소금체 Medium" "전주 완판본 각B" "전주 완판본 각L" "전주 완판본 각R" "전주 완판본 순B" "전주 완판본 순L" "전주 완판본 순R" "휴먼범석체" 